{
	"partitions" : [
		{
			"name" : "Top",
			"pins" : [
				{
					"name" : "oRED",
					"strict" : false
				},
				{
					"name" : "oYELLOW",
					"strict" : false
				},
				{
					"name" : "oGREEN",
					"strict" : false
				},
				{
					"name" : "oDIS[0]",
					"strict" : false
				},
				{
					"name" : "oDIS[1]",
					"strict" : false
				},
				{
					"name" : "o7SEGM[0]",
					"strict" : false
				},
				{
					"name" : "o7SEGM[1]",
					"strict" : false
				},
				{
					"name" : "o7SEGM[2]",
					"strict" : false
				},
				{
					"name" : "o7SEGM[3]",
					"strict" : false
				},
				{
					"name" : "o7SEGM[4]",
					"strict" : false
				},
				{
					"name" : "o7SEGM[5]",
					"strict" : false
				},
				{
					"name" : "o7SEGM[6]",
					"strict" : false
				},
				{
					"name" : "iCLK",
					"strict" : false
				},
				{
					"name" : "iRST",
					"strict" : false
				}
			]
		}
	]
}